[
{
  "pk": 1, 
  "model": "system.dictconfig", 
  "fields": {
    "typeDesc": "\u5973", 
    "typeCode": "0", 
    "dicTable": "employee", 
    "dicColumn": "sex", 
    "type": "sex", 
    "displayOrder": 0
  }
},
{
  "pk": 2, 
  "model": "system.dictconfig", 
  "fields": {
    "typeDesc": "\u7537", 
    "typeCode": "1", 
    "dicTable": "employee", 
    "dicColumn": "sex", 
    "type": "sex", 
    "displayOrder": 1
  }
},
{
  "pk": 3, 
  "model": "system.dictconfig", 
  "fields": {
    "typeDesc": "\u8ba1\u4ef6\u5de5", 
    "typeCode": "1", 
    "dicTable": "employee", 
    "dicColumn": "type", 
    "type": "employee_type", 
    "displayOrder": 0
  }
},
{
  "pk": 4, 
  "model": "system.dictconfig", 
  "fields": {
    "typeDesc": "\u8ba1\u65f6\u5de5", 
    "typeCode": "2", 
    "dicTable": "employee", 
    "dicColumn": "type", 
    "type": "employee_type", 
    "displayOrder": 1
  }
},
{
  "pk": 5, 
  "model": "system.dictconfig", 
  "fields": {
    "typeDesc": "\u56fa\u5b9a\u5de5\u8d44", 
    "typeCode": "3", 
    "dicTable": "employee", 
    "dicColumn": "type", 
    "type": "employee_type", 
    "displayOrder": 2
  }
},
{
  "pk": 6, 
  "model": "system.dictconfig", 
  "fields": {
    "typeDesc": "\u5728\u5c97 ", 
    "typeCode": "1", 
    "dicTable": "employee", 
    "dicColumn": "status", 
    "type": "employee_status", 
    "displayOrder": 0
  }
},
{
  "pk": 7, 
  "model": "system.dictconfig", 
  "fields": {
    "typeDesc": "\u79bb\u804c", 
    "typeCode": "0", 
    "dicTable": "employee", 
    "dicColumn": "status", 
    "type": "employee_status", 
    "displayOrder": 1
  }
},
{
  "pk": 8, 
  "model": "system.dictconfig", 
  "fields": {
    "typeDesc": "\u53ef\u7528", 
    "typeCode": "1", 
    "dicTable": "materialType", 
    "dicColumn": "status", 
    "type": "material_type_status", 
    "displayOrder": 10
  }
},
{
  "pk": 9, 
  "model": "system.dictconfig", 
  "fields": {
    "typeDesc": "\u4e0d\u53ef\u7528", 
    "typeCode": "0", 
    "dicTable": "materialType", 
    "dicColumn": "status", 
    "type": "material_type_status", 
    "displayOrder": 20
  }
},
{
  "pk": 10, 
  "model": "system.dictconfig", 
  "fields": {
    "typeDesc": "\u53ef\u7528", 
    "typeCode": "1", 
    "dicTable": "material", 
    "dicColumn": "status", 
    "type": "material_status", 
    "displayOrder": 10
  }
},
{
  "pk": 11, 
  "model": "system.dictconfig", 
  "fields": {
    "typeDesc": "\u4e0d\u53ef\u7528", 
    "typeCode": "0", 
    "dicTable": "material", 
    "dicColumn": "status", 
    "type": "material_status", 
    "displayOrder": 20
  }
},
{
  "pk": 12, 
  "model": "system.dictconfig", 
  "fields": {
    "typeDesc": "\u8ba1\u91cd\u65b9\u5f0f", 
    "typeCode": "1", 
    "dicTable": "material", 
    "dicColumn": "mode", 
    "type": "material_mode", 
    "displayOrder": 10
  }
},
{
  "pk": 13, 
  "model": "system.dictconfig", 
  "fields": {
    "typeDesc": "\u8ba1\u6570\u65b9\u5f0f", 
    "typeCode": "2", 
    "dicTable": "material", 
    "dicColumn": "mode", 
    "type": "material_mode", 
    "displayOrder": 20
  }
},
{
  "pk": 14, 
  "model": "system.dictconfig", 
  "fields": {
    "typeDesc": "\u524d\u5de5\u827a", 
    "typeCode": "1", 
    "dicTable": "process", 
    "dicColumn": "is_first", 
    "type": "process_isfirst", 
    "displayOrder": 10
  }
},
{
  "pk": 15, 
  "model": "system.dictconfig", 
  "fields": {
    "typeDesc": "\u540e\u5de5\u827a", 
    "typeCode": "0", 
    "dicTable": "process", 
    "dicColumn": "is_first", 
    "type": "process_isfirst", 
    "displayOrder": 20
  }
},
{
  "pk": 16, 
  "model": "system.dictconfig", 
  "fields": {
    "typeDesc": "\u53ef\u7528", 
    "typeCode": "1", 
    "dicTable": "process", 
    "dicColumn": "status", 
    "type": "process_status", 
    "displayOrder": 10
  }
},
{
  "pk": 17, 
  "model": "system.dictconfig", 
  "fields": {
    "typeDesc": "\u4e0d\u53ef\u7528", 
    "typeCode": "0", 
    "dicTable": "process", 
    "dicColumn": "status", 
    "type": "process_status", 
    "displayOrder": 20
  }
},
{
  "pk": 18, 
  "model": "system.dictconfig", 
  "fields": {
    "typeDesc": "\u5f00\u59cb", 
    "typeCode": "1", 
    "dicTable": "work_class", 
    "dicColumn": "type", 
    "type": "class_type", 
    "displayOrder": 10
  }
},
{
  "pk": 19, 
  "model": "system.dictconfig", 
  "fields": {
    "typeDesc": "\u7ed3\u675f", 
    "typeCode": "2", 
    "dicTable": "work_class", 
    "dicColumn": "type", 
    "type": "class_type", 
    "displayOrder": 20
  }
},
{
  "pk": 20, 
  "model": "system.dictconfig", 
  "fields": {
    "typeDesc": "\u53ef\u7528", 
    "typeCode": "1", 
    "dicTable": "work_class", 
    "dicColumn": "status", 
    "type": "class_status", 
    "displayOrder": 10
  }
},
{
  "pk": 21, 
  "model": "system.dictconfig", 
  "fields": {
    "typeDesc": "\u4e0d\u53ef\u7528", 
    "typeCode": "0", 
    "dicTable": "work_class", 
    "dicColumn": "status", 
    "type": "class_status", 
    "displayOrder": 20
  }
},
{
  "pk": 22, 
  "model": "system.dictconfig", 
  "fields": {
    "typeDesc": "\u662f", 
    "typeCode": "1", 
    "dicTable": "salary_count_config", 
    "dicColumn": "isdefault", 
    "type": "salary_count_default", 
    "displayOrder": 10
  }
},
{
  "pk": 23, 
  "model": "system.dictconfig", 
  "fields": {
    "typeDesc": "\u5426", 
    "typeCode": "0", 
    "dicTable": "salary_count_config", 
    "dicColumn": "isdefault", 
    "type": "salary_count_default", 
    "displayOrder": 20
  }
},
{
  "pk": 24, 
  "model": "system.dictconfig", 
  "fields": {
    "typeDesc": "\u662f", 
    "typeCode": "1", 
    "dicTable": "salary_time_config", 
    "dicColumn": "isdefault", 
    "type": "salary_time_default", 
    "displayOrder": 10
  }
},
{
  "pk": 25, 
  "model": "system.dictconfig", 
  "fields": {
    "typeDesc": "\u5426", 
    "typeCode": "0", 
    "dicTable": "salary_time_config", 
    "dicColumn": "isdefault", 
    "type": "salary_time_default", 
    "displayOrder": 20
  }
},
{
  "pk": 26, 
  "model": "system.dictconfig", 
  "fields": {
    "typeDesc": "\u5f00\u59cb\u5361", 
    "typeCode": "1", 
    "dicTable": "card", 
    "dicColumn": "type", 
    "type": "card_type", 
    "displayOrder": 10
  }
},
{
  "pk": 27, 
  "model": "system.dictconfig", 
  "fields": {
    "typeDesc": "\u7ed3\u675f\u5361", 
    "typeCode": "2", 
    "dicTable": "card", 
    "dicColumn": "type", 
    "type": "card_type", 
    "displayOrder": 20
  }
},
{
  "pk": 28, 
  "model": "system.dictconfig", 
  "fields": {
    "typeDesc": "\u7269\u6599\u5361", 
    "typeCode": "3", 
    "dicTable": "card", 
    "dicColumn": "type", 
    "type": "card_type", 
    "displayOrder": 30
  }
},
{
  "pk": 29, 
  "model": "system.dictconfig", 
  "fields": {
    "typeDesc": "\u5de5\u827a\u5361", 
    "typeCode": "4", 
    "dicTable": "card", 
    "dicColumn": "type", 
    "type": "card_type", 
    "displayOrder": 40
  }
},
{
  "pk": 30, 
  "model": "system.dictconfig", 
  "fields": {
    "typeDesc": "\u5de5\u4f5c\u5361", 
    "typeCode": "5", 
    "dicTable": "card", 
    "dicColumn": "type", 
    "type": "card_type", 
    "displayOrder": 50
  }
},
{
  "pk": 31, 
  "model": "system.dictconfig", 
  "fields": {
    "typeDesc": "\u5458\u5de5\u5361", 
    "typeCode": "6", 
    "dicTable": "card", 
    "dicColumn": "type", 
    "type": "card_type", 
    "displayOrder": 60
  }
},
{
  "pk": 32, 
  "model": "system.dictconfig", 
  "fields": {
    "typeDesc": "\u53ef\u7528", 
    "typeCode": "1", 
    "dicTable": "card", 
    "dicColumn": "status", 
    "type": "card_status", 
    "displayOrder": 10
  }
},
{
  "pk": 33, 
  "model": "system.dictconfig", 
  "fields": {
    "typeDesc": "\u4e0d\u53ef\u7528", 
    "typeCode": "0", 
    "dicTable": "card", 
    "dicColumn": "status", 
    "type": "card_status", 
    "displayOrder": 20
  }
},
{
  "pk": 34, 
  "model": "system.dictconfig", 
  "fields": {
    "typeDesc": "\u5df2\u5206\u914d", 
    "typeCode": "1", 
    "dicTable": "card", 
    "dicColumn": "owner_id", 
    "type": "card_assigned", 
    "displayOrder": 10
  }
},
{
  "pk": 35, 
  "model": "system.dictconfig", 
  "fields": {
    "typeDesc": "\u672a\u5206\u914d", 
    "typeCode": "0", 
    "dicTable": "card", 
    "dicColumn": "owner_id", 
    "type": "card_assigned", 
    "displayOrder": 20
  }
},
{
  "pk": 1, 
  "model": "system.card", 
  "fields": {
    "status": "1", 
    "serial_num": "3008894835", 
    "num": "16777217", 
    "remarks": null, 
    "type": "1", 
    "owner_id": 1
  }
},
{
  "pk": 2, 
  "model": "system.card", 
  "fields": {
    "status": "1", 
    "serial_num": "3008210723", 
    "num": "33554434", 
    "remarks": null, 
    "type": "2", 
    "owner_id": 2
  }
},
{
  "pk": 3, 
  "model": "system.card", 
  "fields": {
    "status": "1", 
    "serial_num": "3009531827", 
    "num": "67108865", 
    "remarks": null, 
    "type": "4", 
    "owner_id": 1
  }
},
{
  "pk": 4, 
  "model": "system.card", 
  "fields": {
    "status": "1", 
    "serial_num": "3008532003", 
    "num": "67108866", 
    "remarks": null, 
    "type": "4", 
    "owner_id": 2
  }
},
{
  "pk": 5, 
  "model": "system.card", 
  "fields": {
    "status": "1", 
    "serial_num": "3008888707", 
    "num": "67108867", 
    "remarks": null, 
    "type": "4", 
    "owner_id": 3
  }
},
{
  "pk": 6, 
  "model": "system.card", 
  "fields": {
    "status": "1", 
    "serial_num": "3008414611", 
    "num": "67108868", 
    "remarks": null, 
    "type": "4", 
    "owner_id": 4
  }
},
{
  "pk": 7, 
  "model": "system.card", 
  "fields": {
    "status": "1", 
    "serial_num": "3009874531", 
    "num": "67108869", 
    "remarks": null, 
    "type": "4", 
    "owner_id": 5
  }
},
{
  "pk": 8, 
  "model": "system.card", 
  "fields": {
    "status": "1", 
    "serial_num": "3008543843", 
    "num": "67108870", 
    "remarks": null, 
    "type": "4", 
    "owner_id": 6
  }
},
{
  "pk": 9, 
  "model": "system.card", 
  "fields": {
    "status": "1", 
    "serial_num": "3008590979", 
    "num": "67108871", 
    "remarks": null, 
    "type": "4", 
    "owner_id": 7
  }
},
{
  "pk": 10, 
  "model": "system.card", 
  "fields": {
    "status": "1", 
    "serial_num": "3009594755", 
    "num": "67108872", 
    "remarks": null, 
    "type": "4", 
    "owner_id": 8
  }
},
{
  "pk": 11, 
  "model": "system.card", 
  "fields": {
    "status": "1", 
    "serial_num": "3008820803", 
    "num": "67108873", 
    "remarks": null, 
    "type": "4", 
    "owner_id": 9
  }
},
{
  "pk": 12, 
  "model": "system.card", 
  "fields": {
    "status": "1", 
    "serial_num": "3008999971", 
    "num": "50331649", 
    "remarks": null, 
    "type": "3", 
    "owner_id": 1
  }
},
{
  "pk": 13, 
  "model": "system.card", 
  "fields": {
    "status": "1", 
    "serial_num": "3008985955", 
    "num": "50331650", 
    "remarks": null, 
    "type": "3", 
    "owner_id": 2
  }
},
{
  "pk": 14, 
  "model": "system.card", 
  "fields": {
    "status": "1", 
    "serial_num": "3008594435", 
    "num": "50331651", 
    "remarks": null, 
    "type": "3", 
    "owner_id": 3
  }
},
{
  "pk": 15, 
  "model": "system.card", 
  "fields": {
    "status": "1", 
    "serial_num": "3009264851", 
    "num": "83886081", 
    "remarks": null, 
    "type": "5", 
    "owner_id": 1
  }
},
{
  "pk": 16, 
  "model": "system.card", 
  "fields": {
    "status": "1", 
    "serial_num": "3008547043", 
    "num": "83886082", 
    "remarks": null, 
    "type": "5", 
    "owner_id": 2
  }
},
{
  "pk": 17, 
  "model": "system.card", 
  "fields": {
    "status": "1", 
    "serial_num": "3008940051", 
    "num": "83886082", 
    "remarks": null, 
    "type": "5", 
    "owner_id": 2
  }
},
{
  "pk": 18, 
  "model": "system.card", 
  "fields": {
    "status": "1", 
    "serial_num": "3009746963", 
    "num": "83886083", 
    "remarks": null, 
    "type": "5", 
    "owner_id": 3
  }
},
{
  "pk": 19, 
  "model": "system.card", 
  "fields": {
    "status": "1", 
    "serial_num": "4229575682", 
    "num": "83886083", 
    "remarks": null, 
    "type": "5", 
    "owner_id": 3
  }
},
{
  "pk": 20, 
  "model": "system.card", 
  "fields": {
    "status": "1", 
    "serial_num": "3008181619", 
    "num": "83886081", 
    "remarks": null, 
    "type": "5", 
    "owner_id": 1
  }
},
{
  "pk": 1, 
  "model": "system.employee", 
  "fields": {
    "status": "1", 
    "tel": null, 
    "name": "\u5458\u5de51", 
    "idCard": "1234567890", 
    "cardNum2": null, 
    "sex": "0", 
    "cardNum1": "83886081", 
    "num": "1", 
    "remarks": null, 
    "joinTime": "2014-04-01T00:04:54", 
    "type": "1"
  }
},
{
  "pk": 2, 
  "model": "system.employee", 
  "fields": {
    "status": "1", 
    "tel": null, 
    "name": "\u5458\u5de52", 
    "idCard": "1234567890", 
    "cardNum2": null, 
    "sex": "0", 
    "cardNum1": "83886082", 
    "num": "2", 
    "remarks": null, 
    "joinTime": "2014-05-01T00:06:10", 
    "type": "1"
  }
},
{
  "pk": 3, 
  "model": "system.employee", 
  "fields": {
    "status": "1", 
    "tel": null, 
    "name": "\u5458\u5de53", 
    "idCard": "1234567890", 
    "cardNum2": null, 
    "sex": "0", 
    "cardNum1": "83886083", 
    "num": "3", 
    "remarks": null, 
    "joinTime": "2014-05-10T00:06:46", 
    "type": "1"
  }
},
{
  "pk": 1, 
  "model": "system.workshop", 
  "fields": {
    "remarks": null, 
    "name": "\u7f50\u5934\u8f66\u95f4"
  }
},
{
  "pk": 1, 
  "model": "system.materialtype", 
  "fields": {
    "status": "1", 
    "num": "1", 
    "name": "\u539f\u6599", 
    "parent": null
  }
},
{
  "pk": 2, 
  "model": "system.materialtype", 
  "fields": {
    "status": "1", 
    "num": "2", 
    "name": "\u534a\u6210\u54c1", 
    "parent": null
  }
},
{
  "pk": 3, 
  "model": "system.materialtype", 
  "fields": {
    "status": "1", 
    "num": "3", 
    "name": "\u6210\u54c1", 
    "parent": null
  }
},
{
  "pk": 1, 
  "model": "system.material", 
  "fields": {
    "status": "1", 
    "card_num": "50331649", 
    "name": "\u7af9\u835a\u9c7c", 
    "materialType": 1, 
    "num": "1", 
    "remarks": null
  }
},
{
  "pk": 2, 
  "model": "system.material", 
  "fields": {
    "status": "1", 
    "card_num": "50331650", 
    "name": "\u6c99\u4e01\u9c7c", 
    "materialType": 1, 
    "num": "2", 
    "remarks": null
  }
},
{
  "pk": 3, 
  "model": "system.material", 
  "fields": {
    "status": "1", 
    "card_num": "50331651", 
    "name": "\u767d\u8eab\u9c7c", 
    "materialType": 1, 
    "num": "3", 
    "remarks": null
  }
},
{
  "pk": 1, 
  "model": "system.process", 
  "fields": {
    "status": "1", 
    "card_num": "67108865", 
    "isFirst": "0", 
    "num": "1", 
    "mode": "1", 
    "remarks": null, 
    "firstProcess": null, 
    "unit": "\u7bb1", 
    "name": "\u539f\u6599\u51fa\u5e93"
  }
},
{
  "pk": 2, 
  "model": "system.process", 
  "fields": {
    "status": "1", 
    "card_num": "67108866", 
    "isFirst": "1", 
    "num": "2", 
    "mode": "0", 
    "remarks": null, 
    "firstProcess": null, 
    "unit": "kg", 
    "name": "\u6253\u9cde.\u9886\u6599"
  }
},
{
  "pk": 3, 
  "model": "system.process", 
  "fields": {
    "status": "1", 
    "card_num": "67108867", 
    "isFirst": "0", 
    "num": "3", 
    "mode": "0", 
    "remarks": null, 
    "firstProcess": 2, 
    "unit": "kg", 
    "name": "\u6253\u9cde.\u4ea4\u6599"
  }
},
{
  "pk": 4, 
  "model": "system.process", 
  "fields": {
    "status": "1", 
    "card_num": "67108868", 
    "isFirst": "1", 
    "num": "4", 
    "mode": "0", 
    "remarks": null, 
    "firstProcess": null, 
    "unit": "kg", 
    "name": "\u5206\u8eab.\u9886\u6599"
  }
},
{
  "pk": 5, 
  "model": "system.process", 
  "fields": {
    "status": "1", 
    "card_num": "67108869", 
    "isFirst": "0", 
    "num": "5", 
    "mode": "0", 
    "remarks": null, 
    "firstProcess": 4, 
    "unit": "kg", 
    "name": "\u5206\u8eab.\u4ea4\u6599"
  }
},
{
  "pk": 6, 
  "model": "system.process", 
  "fields": {
    "status": "1", 
    "card_num": "67108870", 
    "isFirst": "0", 
    "num": "6", 
    "mode": "0", 
    "remarks": null, 
    "firstProcess": null, 
    "unit": "kg", 
    "name": "\u62fc\u7247"
  }
},
{
  "pk": 7, 
  "model": "system.process", 
  "fields": {
    "status": "1", 
    "card_num": "67108871", 
    "isFirst": "0", 
    "num": "7", 
    "mode": "1", 
    "remarks": null, 
    "firstProcess": null, 
    "unit": "\u76d8", 
    "name": "\u7c98\u7c89"
  }
},
{
  "pk": 8, 
  "model": "system.process", 
  "fields": {
    "status": "1", 
    "card_num": "67108872", 
    "isFirst": "0", 
    "num": "8", 
    "mode": "1", 
    "remarks": null, 
    "firstProcess": null, 
    "unit": "\u7bb1", 
    "name": "\u5305\u88c5\u88c5\u7bb1"
  }
},
{
  "pk": 9, 
  "model": "system.process", 
  "fields": {
    "status": "1", 
    "card_num": "67108873", 
    "isFirst": "0", 
    "num": "9", 
    "mode": "1", 
    "remarks": null, 
    "firstProcess": null, 
    "unit": "\u7bb1", 
    "name": "\u6210\u54c1\u5165\u5e93"
  }
},
{
  "pk": 1, 
  "model": "system.terminal", 
  "fields": {
    "num": "1", 
    "name": "\u8ba1\u91cd\u524d\u7ec8\u7aef", 
    "ip2": "192.168.127.111", 
    "defaultProcess": 2, 
    "ip1": "192.168.127.11", 
    "defaultMaterial": 1, 
    "remarks": null, 
    "type": "1", 
    "workGroup": 1
  }
},
{
  "pk": 2, 
  "model": "system.terminal", 
  "fields": {
    "num": "2", 
    "name": "\u8ba1\u91cd\u540e\u7ec8\u7aef", 
    "ip2": "192.168.127.112", 
    "defaultProcess": 3, 
    "ip1": "192.168.127.12", 
    "defaultMaterial": 1, 
    "remarks": null, 
    "type": "1", 
    "workGroup": 1
  }
},
{
  "pk": 3, 
  "model": "system.terminal", 
  "fields": {
    "num": "3", 
    "name": "\u4e2d\u95f4\u8ba1\u91cd\u7ec8\u7aef", 
    "ip2": "192.168.127.113", 
    "defaultProcess": 6, 
    "ip1": "192.168.127.13", 
    "defaultMaterial": 1, 
    "remarks": null, 
    "type": "1", 
    "workGroup": 2
  }
},
{
  "pk": 4, 
  "model": "system.terminal", 
  "fields": {
    "num": "4", 
    "name": "\u8ba1\u6570\u7ec8\u7aef1", 
    "ip2": null, 
    "defaultProcess": 1, 
    "ip1": "192.168.127.14", 
    "defaultMaterial": 1, 
    "remarks": null, 
    "type": "2", 
    "workGroup": 3
  }
},
{
  "pk": 20, 
  "model": "system.workshift", 
  "fields": {
    "terminal": 1, 
    "card": 1, 
    "time": "2014-05-11T01:40:48"
  }
},
{
  "pk": 21, 
  "model": "system.workshift", 
  "fields": {
    "terminal": 2, 
    "card": 1, 
    "time": "2014-05-11T01:41:03"
  }
},
{
  "pk": 22, 
  "model": "system.workshift", 
  "fields": {
    "terminal": 1, 
    "card": 12, 
    "time": "2014-05-11T01:41:33"
  }
},
{
  "pk": 23, 
  "model": "system.workshift", 
  "fields": {
    "terminal": 2, 
    "card": 12, 
    "time": "2014-05-11T01:41:33"
  }
},
{
  "pk": 24, 
  "model": "system.workshift", 
  "fields": {
    "terminal": 1, 
    "card": 4, 
    "time": "2014-05-11T01:41:51"
  }
},
{
  "pk": 25, 
  "model": "system.workshift", 
  "fields": {
    "terminal": 1, 
    "card": 9, 
    "time": "2014-05-11T01:43:45"
  }
},
{
  "pk": 26, 
  "model": "system.workshift", 
  "fields": {
    "terminal": 1, 
    "card": 2, 
    "time": "2014-05-11T01:49:42"
  }
},
{
  "pk": 27, 
  "model": "system.workshift", 
  "fields": {
    "terminal": 2, 
    "card": 1, 
    "time": "2014-05-11T01:50:54"
  }
},
{
  "pk": 28, 
  "model": "system.workshift", 
  "fields": {
    "terminal": 2, 
    "card": 1, 
    "time": "2014-05-11T10:26:53"
  }
},
{
  "pk": 29, 
  "model": "system.workshift", 
  "fields": {
    "terminal": 2, 
    "card": 1, 
    "time": "2014-05-11T10:30:17"
  }
},
{
  "pk": 30, 
  "model": "system.workshift", 
  "fields": {
    "terminal": 2, 
    "card": 1, 
    "time": "2014-05-11T10:35:37"
  }
},
{
  "pk": 31, 
  "model": "system.workshift", 
  "fields": {
    "terminal": 2, 
    "card": 1, 
    "time": "2014-05-11T10:38:33"
  }
},
{
  "pk": 32, 
  "model": "system.workshift", 
  "fields": {
    "terminal": 2, 
    "card": 1, 
    "time": "2014-05-11T10:41:39"
  }
},
{
  "pk": 33, 
  "model": "system.workshift", 
  "fields": {
    "terminal": 2, 
    "card": 1, 
    "time": "2014-05-11T10:44:50"
  }
},
{
  "pk": 34, 
  "model": "system.workshift", 
  "fields": {
    "terminal": 2, 
    "card": 1, 
    "time": "2014-05-11T10:44:53"
  }
},
{
  "pk": 1, 
  "model": "system.workclass", 
  "fields": {
    "status": "1", 
    "name": "\u65e9\u73ed", 
    "num": "BC0001", 
    "cardNum": "ABC000001", 
    "remarks": "\u65e9\u73ed\u73ed\u6b2101", 
    "type": "1"
  }
},
{
  "pk": 1, 
  "model": "system.production", 
  "fields": {
    "count": "1.00", 
    "process": 3, 
    "material": 1, 
    "terminal": 2, 
    "time": "2014-05-11T01:44:30", 
    "employee": 1, 
    "card": 20
  }
},
{
  "pk": 2, 
  "model": "system.production", 
  "fields": {
    "count": "1.00", 
    "process": 3, 
    "material": 1, 
    "terminal": 2, 
    "time": "2014-05-11T10:26:56", 
    "employee": 1, 
    "card": 20
  }
},
{
  "pk": 3, 
  "model": "system.production", 
  "fields": {
    "count": "-641.00", 
    "process": 2, 
    "material": 1, 
    "terminal": 1, 
    "time": "2014-05-11T10:35:47", 
    "employee": 1, 
    "card": 20
  }
},
{
  "pk": 4, 
  "model": "system.production", 
  "fields": {
    "count": "-641.00", 
    "process": 2, 
    "material": 1, 
    "terminal": 1, 
    "time": "2014-05-11T10:35:50", 
    "employee": 1, 
    "card": 20
  }
},
{
  "pk": 5, 
  "model": "system.production", 
  "fields": {
    "count": "-641.00", 
    "process": 2, 
    "material": 1, 
    "terminal": 1, 
    "time": "2014-05-11T10:39:01", 
    "employee": 1, 
    "card": 20
  }
},
{
  "pk": 6, 
  "model": "system.production", 
  "fields": {
    "count": "-641.00", 
    "process": 2, 
    "material": 1, 
    "terminal": 1, 
    "time": "2014-05-11T10:39:10", 
    "employee": 1, 
    "card": 20
  }
},
{
  "pk": 7, 
  "model": "system.production", 
  "fields": {
    "count": "-641.00", 
    "process": 2, 
    "material": 1, 
    "terminal": 1, 
    "time": "2014-05-11T10:39:13", 
    "employee": 1, 
    "card": 20
  }
},
{
  "pk": 8, 
  "model": "system.production", 
  "fields": {
    "count": "-641.00", 
    "process": 2, 
    "material": 1, 
    "terminal": 1, 
    "time": "2014-05-11T10:39:19", 
    "employee": 1, 
    "card": 20
  }
},
{
  "pk": 9, 
  "model": "system.production", 
  "fields": {
    "count": "-641.00", 
    "process": 2, 
    "material": 1, 
    "terminal": 1, 
    "time": "2014-05-11T10:39:25", 
    "employee": 1, 
    "card": 20
  }
},
{
  "pk": 10, 
  "model": "system.production", 
  "fields": {
    "count": "-641.00", 
    "process": 2, 
    "material": 1, 
    "terminal": 1, 
    "time": "2014-05-11T10:41:48", 
    "employee": 1, 
    "card": 20
  }
},
{
  "pk": 11, 
  "model": "system.production", 
  "fields": {
    "count": "-641.00", 
    "process": 2, 
    "material": 1, 
    "terminal": 1, 
    "time": "2014-05-11T10:41:51", 
    "employee": 1, 
    "card": 20
  }
},
{
  "pk": 12, 
  "model": "system.production", 
  "fields": {
    "count": "-641.00", 
    "process": 2, 
    "material": 1, 
    "terminal": 1, 
    "time": "2014-05-11T10:41:54", 
    "employee": 1, 
    "card": 20
  }
},
{
  "pk": 13, 
  "model": "system.production", 
  "fields": {
    "count": "-641.00", 
    "process": 2, 
    "material": 1, 
    "terminal": 1, 
    "time": "2014-05-11T10:45:03", 
    "employee": 1, 
    "card": 20
  }
},
{
  "pk": 14, 
  "model": "system.production", 
  "fields": {
    "count": "-641.00", 
    "process": 2, 
    "material": 1, 
    "terminal": 1, 
    "time": "2014-05-11T10:45:06", 
    "employee": 1, 
    "card": 20
  }
}
]
