[
{
  "pk": 1, 
  "model": "system.dictconfig", 
  "fields": {
    "typeDesc": "\u5973", 
    "typeCode": "0", 
    "dicTable": "employee", 
    "dicColumn": "sex", 
    "type": "sex", 
    "displayOrder": 0
  }
},
{
  "pk": 2, 
  "model": "system.dictconfig", 
  "fields": {
    "typeDesc": "\u7537", 
    "typeCode": "1", 
    "dicTable": "employee", 
    "dicColumn": "sex", 
    "type": "sex", 
    "displayOrder": 1
  }
},
{
  "pk": 3, 
  "model": "system.dictconfig", 
  "fields": {
    "typeDesc": "\u8ba1\u4ef6\u5de5", 
    "typeCode": "1", 
    "dicTable": "employee", 
    "dicColumn": "type", 
    "type": "employee_type", 
    "displayOrder": 0
  }
},
{
  "pk": 4, 
  "model": "system.dictconfig", 
  "fields": {
    "typeDesc": "\u8ba1\u65f6\u5de5", 
    "typeCode": "2", 
    "dicTable": "employee", 
    "dicColumn": "type", 
    "type": "employee_type", 
    "displayOrder": 1
  }
},
{
  "pk": 5, 
  "model": "system.dictconfig", 
  "fields": {
    "typeDesc": "\u56fa\u5b9a\u5de5\u8d44", 
    "typeCode": "3", 
    "dicTable": "employee", 
    "dicColumn": "type", 
    "type": "employee_type", 
    "displayOrder": 2
  }
},
{
  "pk": 6, 
  "model": "system.dictconfig", 
  "fields": {
    "typeDesc": "\u5728\u5c97 ", 
    "typeCode": "1", 
    "dicTable": "employee", 
    "dicColumn": "status", 
    "type": "employee_status", 
    "displayOrder": 0
  }
},
{
  "pk": 7, 
  "model": "system.dictconfig", 
  "fields": {
    "typeDesc": "\u79bb\u804c", 
    "typeCode": "0", 
    "dicTable": "employee", 
    "dicColumn": "status", 
    "type": "employee_status", 
    "displayOrder": 1
  }
},
{
  "pk": 8, 
  "model": "system.dictconfig", 
  "fields": {
    "typeDesc": "\u53ef\u7528", 
    "typeCode": "1", 
    "dicTable": "materialType", 
    "dicColumn": "status", 
    "type": "material_type_status", 
    "displayOrder": 10
  }
},
{
  "pk": 9, 
  "model": "system.dictconfig", 
  "fields": {
    "typeDesc": "\u4e0d\u53ef\u7528", 
    "typeCode": "0", 
    "dicTable": "materialType", 
    "dicColumn": "status", 
    "type": "material_type_status", 
    "displayOrder": 20
  }
},
{
  "pk": 10, 
  "model": "system.dictconfig", 
  "fields": {
    "typeDesc": "\u53ef\u7528", 
    "typeCode": "1", 
    "dicTable": "material", 
    "dicColumn": "status", 
    "type": "material_status", 
    "displayOrder": 10
  }
},
{
  "pk": 11, 
  "model": "system.dictconfig", 
  "fields": {
    "typeDesc": "\u4e0d\u53ef\u7528", 
    "typeCode": "0", 
    "dicTable": "material", 
    "dicColumn": "status", 
    "type": "material_status", 
    "displayOrder": 20
  }
},
{
  "pk": 12, 
  "model": "system.dictconfig", 
  "fields": {
    "typeDesc": "\u8ba1\u91cd\u65b9\u5f0f", 
    "typeCode": "1", 
    "dicTable": "material", 
    "dicColumn": "mode", 
    "type": "material_mode", 
    "displayOrder": 10
  }
},
{
  "pk": 13, 
  "model": "system.dictconfig", 
  "fields": {
    "typeDesc": "\u8ba1\u6570\u65b9\u5f0f", 
    "typeCode": "2", 
    "dicTable": "material", 
    "dicColumn": "mode", 
    "type": "material_mode", 
    "displayOrder": 20
  }
},
{
  "pk": 14, 
  "model": "system.dictconfig", 
  "fields": {
    "typeDesc": "\u524d\u5de5\u827a", 
    "typeCode": "1", 
    "dicTable": "process", 
    "dicColumn": "is_first", 
    "type": "process_isfirst", 
    "displayOrder": 10
  }
},
{
  "pk": 15, 
  "model": "system.dictconfig", 
  "fields": {
    "typeDesc": "\u540e\u5de5\u827a", 
    "typeCode": "0", 
    "dicTable": "process", 
    "dicColumn": "is_first", 
    "type": "process_isfirst", 
    "displayOrder": 20
  }
},
{
  "pk": 16, 
  "model": "system.dictconfig", 
  "fields": {
    "typeDesc": "\u53ef\u7528", 
    "typeCode": "1", 
    "dicTable": "process", 
    "dicColumn": "status", 
    "type": "process_status", 
    "displayOrder": 10
  }
},
{
  "pk": 17, 
  "model": "system.dictconfig", 
  "fields": {
    "typeDesc": "\u4e0d\u53ef\u7528", 
    "typeCode": "0", 
    "dicTable": "process", 
    "dicColumn": "status", 
    "type": "process_status", 
    "displayOrder": 20
  }
},
{
  "pk": 18, 
  "model": "system.dictconfig", 
  "fields": {
    "typeDesc": "\u5f00\u59cb", 
    "typeCode": "1", 
    "dicTable": "work_class", 
    "dicColumn": "type", 
    "type": "class_type", 
    "displayOrder": 10
  }
},
{
  "pk": 19, 
  "model": "system.dictconfig", 
  "fields": {
    "typeDesc": "\u7ed3\u675f", 
    "typeCode": "2", 
    "dicTable": "work_class", 
    "dicColumn": "type", 
    "type": "class_type", 
    "displayOrder": 20
  }
},
{
  "pk": 20, 
  "model": "system.dictconfig", 
  "fields": {
    "typeDesc": "\u53ef\u7528", 
    "typeCode": "1", 
    "dicTable": "work_class", 
    "dicColumn": "status", 
    "type": "class_status", 
    "displayOrder": 10
  }
},
{
  "pk": 21, 
  "model": "system.dictconfig", 
  "fields": {
    "typeDesc": "\u4e0d\u53ef\u7528", 
    "typeCode": "0", 
    "dicTable": "work_class", 
    "dicColumn": "status", 
    "type": "class_status", 
    "displayOrder": 20
  }
},
{
  "pk": 22, 
  "model": "system.dictconfig", 
  "fields": {
    "typeDesc": "\u662f", 
    "typeCode": "1", 
    "dicTable": "salary_count_config", 
    "dicColumn": "isdefault", 
    "type": "salary_count_default", 
    "displayOrder": 10
  }
},
{
  "pk": 23, 
  "model": "system.dictconfig", 
  "fields": {
    "typeDesc": "\u5426", 
    "typeCode": "0", 
    "dicTable": "salary_count_config", 
    "dicColumn": "isdefault", 
    "type": "salary_count_default", 
    "displayOrder": 20
  }
},
{
  "pk": 24, 
  "model": "system.dictconfig", 
  "fields": {
    "typeDesc": "\u662f", 
    "typeCode": "1", 
    "dicTable": "salary_time_config", 
    "dicColumn": "isdefault", 
    "type": "salary_time_default", 
    "displayOrder": 10
  }
},
{
  "pk": 25, 
  "model": "system.dictconfig", 
  "fields": {
    "typeDesc": "\u5426", 
    "typeCode": "0", 
    "dicTable": "salary_time_config", 
    "dicColumn": "isdefault", 
    "type": "salary_time_default", 
    "displayOrder": 20
  }
},
{
  "pk": 1, 
  "model": "system.materialtype", 
  "fields": {
    "status": "1", 
    "num": "\u7ea2", 
    "parent": null
  }
},
{
  "pk": 2, 
  "model": "system.materialtype", 
  "fields": {
    "status": "1", 
    "num": "\u7ea21A", 
    "parent": 1
  }
},
{
  "pk": 3, 
  "model": "system.materialtype", 
  "fields": {
    "status": "1", 
    "num": "\u9ed11", 
    "parent": null
  }
},
{
  "pk": 4, 
  "model": "system.materialtype", 
  "fields": {
    "status": "0", 
    "num": "\u9ed11B", 
    "parent": 3
  }
},
{
  "pk": 5, 
  "model": "system.materialtype", 
  "fields": {
    "status": "1", 
    "num": "\u7ea21AX", 
    "parent": 2
  }
},
{
  "pk": 6, 
  "model": "system.materialtype", 
  "fields": {
    "status": "1", 
    "num": "\u7ea21AX1", 
    "parent": 5
  }
},
{
  "pk": 7, 
  "model": "system.materialtype", 
  "fields": {
    "status": "1", 
    "num": "\u9ed11X", 
    "parent": 3
  }
},
{
  "pk": 8, 
  "model": "system.materialtype", 
  "fields": {
    "status": "1", 
    "num": "\u7ea21AA", 
    "parent": 2
  }
},
{
  "pk": 9, 
  "model": "system.materialtype", 
  "fields": {
    "status": "1", 
    "num": "\u7ea21AA2", 
    "parent": 8
  }
},
{
  "pk": 1, 
  "model": "system.material", 
  "fields": {
    "status": "1", 
    "card_num": "1234321423423423", 
    "name": "\u9ec4\u82b1\u9c7c", 
    "materialType": 3, 
    "num": "\u7269\u65991ACDFDE#", 
    "mode": "1", 
    "remarks": "\u5907\u6ce8\u4fe1\u606f\u9ec4\u82b1\u9c7c\uff0c\u6ce8\u610f\u4e8b\u9879\uff0c\u7b49\u7b49\u5185\u5bb9\u3002", 
    "conver": 1000, 
    "unit": "\u516c\u65a4"
  }
},
{
  "pk": 2, 
  "model": "system.material", 
  "fields": {
    "status": "1", 
    "card_num": "", 
    "name": "\u6d77\u87ba\u4e1d", 
    "materialType": 3, 
    "num": "A23423423432", 
    "mode": "2", 
    "remarks": "\u6682\u65f6\u672a\u5206\u914d\u7269\u6599\u5361", 
    "conver": 8000, 
    "unit": "\u4e2a"
  }
},
{
  "pk": 1, 
  "model": "system.process", 
  "fields": {
    "status": "1", 
    "card_num": "234234234", 
    "isFirst": "1", 
    "num": "A28736", 
    "remarks": "3242342", 
    "firstProcess": null, 
    "name": "\u53bb\u5934\u5de5\u827a"
  }
},
{
  "pk": 2, 
  "model": "system.process", 
  "fields": {
    "status": "1", 
    "card_num": "234234325", 
    "isFirst": "0", 
    "num": "A28737", 
    "remarks": "\u540e\u5de5\u827a\u53bb\u5c3e\u5de5\u827a\u3002", 
    "firstProcess": 1, 
    "name": "\u53bb\u5c3e\u5de5\u827a"
  }
},
{
  "pk": 1, 
  "model": "system.employee", 
  "fields": {
    "status": "1", 
    "tel": "34", 
    "name": "\u674e\u5c0f\u840c", 
    "idCard": "3", 
    "cardNum2": "3242342343253", 
    "sex": "1", 
    "cardNum1": "342354234234", 
    "num": "1", 
    "remarks": "\u674e\u5c0f\u840c\u662f\u4e2a\u597d\u540c\u5fd7\uff01", 
    "joinTime": "2014-05-08T13:43:33", 
    "type": "3"
  }
},
{
  "pk": 2, 
  "model": "system.employee", 
  "fields": {
    "status": "1", 
    "tel": "342412312", 
    "name": "\u738b\u4e3d\u4e3d", 
    "idCard": "234234432", 
    "cardNum2": "123123123", 
    "sex": "0", 
    "cardNum1": "1234123", 
    "num": "238328483", 
    "remarks": "12312321313", 
    "joinTime": "2015-07-01T17:08:00", 
    "type": "1"
  }
},
{
  "pk": 3, 
  "model": "system.employee", 
  "fields": {
    "status": "0", 
    "tel": "dsaf", 
    "name": "\u674e\u5927\u9f50", 
    "idCard": "343443vfdsasdf", 
    "cardNum2": "234", 
    "sex": "1", 
    "cardNum1": "324", 
    "num": "234234", 
    "remarks": "5324", 
    "joinTime": "2014-05-10T23:49:00", 
    "type": "2"
  }
},
{
  "pk": 5, 
  "model": "system.employee", 
  "fields": {
    "status": "1", 
    "tel": "", 
    "name": "2234", 
    "idCard": "34", 
    "cardNum2": "", 
    "sex": "0", 
    "cardNum1": "", 
    "num": "1", 
    "remarks": "", 
    "joinTime": "2014-05-06T21:52:33", 
    "type": "1"
  }
},
{
  "pk": 6, 
  "model": "system.employee", 
  "fields": {
    "status": "1", 
    "tel": "3", 
    "name": "324", 
    "idCard": "2", 
    "cardNum2": "34", 
    "sex": "0", 
    "cardNum1": "34", 
    "num": "234", 
    "remarks": "34", 
    "joinTime": "2014-05-06T21:52:49", 
    "type": "1"
  }
},
{
  "pk": 7, 
  "model": "system.employee", 
  "fields": {
    "status": "1", 
    "tel": "13900130343", 
    "name": "\u738b1", 
    "idCard": "1390101013431432324", 
    "cardNum2": "234324", 
    "sex": "1", 
    "cardNum1": "234324", 
    "num": "32893284", 
    "remarks": "234234", 
    "joinTime": "2014-05-06T20:55:51", 
    "type": "1"
  }
},
{
  "pk": 8, 
  "model": "system.employee", 
  "fields": {
    "status": "0", 
    "tel": "13900130343", 
    "name": "\u738b1", 
    "idCard": "1390101013431432324", 
    "cardNum2": "234324", 
    "sex": "1", 
    "cardNum1": "234324", 
    "num": "32893284", 
    "remarks": "234234", 
    "joinTime": "2014-05-07T22:51:50", 
    "type": "1"
  }
},
{
  "pk": 9, 
  "model": "system.employee", 
  "fields": {
    "status": "1", 
    "tel": "13900130343", 
    "name": "\u738b1", 
    "idCard": "1390101013431432324", 
    "cardNum2": "234324", 
    "sex": "1", 
    "cardNum1": "234324", 
    "num": "32893284", 
    "remarks": "234234", 
    "joinTime": "2014-05-06T21:13:53", 
    "type": "1"
  }
},
{
  "pk": 10, 
  "model": "system.employee", 
  "fields": {
    "status": "1", 
    "tel": "", 
    "name": "2234", 
    "idCard": "34", 
    "cardNum2": "32", 
    "sex": "0", 
    "cardNum1": "32", 
    "num": "12", 
    "remarks": "23", 
    "joinTime": "2014-05-06T21:15:36", 
    "type": "1"
  }
},
{
  "pk": 11, 
  "model": "system.employee", 
  "fields": {
    "status": "1", 
    "tel": "23423423423", 
    "name": "2234", 
    "idCard": "34", 
    "cardNum2": "32", 
    "sex": "1", 
    "cardNum1": "32", 
    "num": "12", 
    "remarks": "233", 
    "joinTime": "2014-05-06T21:16:01", 
    "type": "1"
  }
},
{
  "pk": 12, 
  "model": "system.employee", 
  "fields": {
    "status": "1", 
    "tel": "23423423423", 
    "name": "2234", 
    "idCard": "34", 
    "cardNum2": "32", 
    "sex": "1", 
    "cardNum1": "32", 
    "num": "12", 
    "remarks": "233", 
    "joinTime": "2014-05-06T21:16:21", 
    "type": "1"
  }
},
{
  "pk": 13, 
  "model": "system.employee", 
  "fields": {
    "status": "1", 
    "tel": "23423423423", 
    "name": "2234", 
    "idCard": "34", 
    "cardNum2": "32", 
    "sex": "1", 
    "cardNum1": "32", 
    "num": "12", 
    "remarks": "23332", 
    "joinTime": "2014-05-06T21:16:34", 
    "type": "1"
  }
},
{
  "pk": 14, 
  "model": "system.employee", 
  "fields": {
    "status": "1", 
    "tel": "139001303431", 
    "name": "2234", 
    "idCard": "34", 
    "cardNum2": "32", 
    "sex": "0", 
    "cardNum1": "32", 
    "num": "12", 
    "remarks": "2335", 
    "joinTime": "2014-05-06T21:17:32", 
    "type": "1"
  }
},
{
  "pk": 15, 
  "model": "system.employee", 
  "fields": {
    "status": "0", 
    "tel": "1231231", 
    "name": "\u5c712", 
    "idCard": "1231231231", 
    "cardNum2": "234324", 
    "sex": "1", 
    "cardNum1": "1213123", 
    "num": "3", 
    "remarks": "3243234", 
    "joinTime": "2014-05-06T23:49:08", 
    "type": "1"
  }
},
{
  "pk": 16, 
  "model": "system.employee", 
  "fields": {
    "status": "1", 
    "tel": "1231231", 
    "name": "\u5c713", 
    "idCard": "1231231231", 
    "cardNum2": "234324", 
    "sex": "1", 
    "cardNum1": "1213123", 
    "num": "3", 
    "remarks": "3243243", 
    "joinTime": "2014-05-06T21:25:05", 
    "type": "1"
  }
},
{
  "pk": 1, 
  "model": "system.workclass", 
  "fields": {
    "status": "1", 
    "name": "\u65e9\u73ed", 
    "num": "BC0001", 
    "cardNum": "ABC000001", 
    "remarks": "\u65e9\u73ed\u73ed\u6b2101", 
    "type": "1"
  }
},
{
  "pk": 1, 
  "model": "system.salarycountconfig", 
  "fields": {
    "process": 1, 
    "price": "0.50", 
    "material": 1, 
    "startTime": "2014-04-01T23:46:00", 
    "remarks": "\u7b2c\u4e8c\u5b63\u5ea6\u9ec4\u82b1\u9c7c\u52a0\u5de5\u8ba1\u4ef6\u5de5\u8d44\u6c34\u5e73", 
    "endTime": "2014-06-30T23:46:00", 
    "isDefault": "0"
  }
},
{
  "pk": 1, 
  "model": "system.salarytimeconfig", 
  "fields": {
    "remarks": "2014\u5e74\u8ba1\u65f6\u5de5\u8d44\u5355\u4ef71", 
    "price": "1.12", 
    "endTime": "2014-12-31T23:51:00", 
    "startTime": "2014-01-01T23:51:00", 
    "isDefault": "1"
  }
}
]
